"Person","PTwith","PTwithout"
"01",0.2625,0.183333333
"01",0.204166667,0.1875
"02",0.175,0.208333333
"03",0.183333333,0.195833333
"04",0.141666667,0.154166667
"05",0.141666667,0.158333333
"06",0.175,0.141666667
"07",0.15,0.15
"08",0.15,0.116666667
"09",0.158333333,0.166666667
"10",0.195833333,0.2
"11",NA,0.175
"12",0.183333333,0.166666667
