"Person","PTwith","PTwithout"
"01",0.2625,0.183333333
"02",0.2375,0.225
"03",0.258333333,0.204166667
"04",0.191666667,0.1875
"05",0.1875,0.170833333
"06",0.254166667,0.175
"07",0.233333333,0.191666667
"08",0.191666667,0.170833333
"09",0.220833333,0.220833333
"10",0.258333333,0.275
"11",0.208333333,0.175
"12",NA,0.204166667
"13",0.220833333,0.229166667
